customer_id,churn_probability,actual_churn,intervention_strategy,seniorcitizen,tenure,monthlycharges,totalcharges,gender_Male,partner_Yes,dependents_Yes,phoneservice_Yes,multiplelines_No phone service,multiplelines_Yes,internetservice_Fiber optic,internetservice_No,onlinesecurity_No internet service,onlinesecurity_Yes,onlinebackup_No internet service,onlinebackup_Yes,deviceprotection_No internet service,deviceprotection_Yes,techsupport_No internet service,techsupport_Yes,streamingtv_No internet service,streamingtv_Yes,streamingmovies_No internet service,streamingmovies_Yes,contract_One year,contract_Two year,paperlessbilling_Yes,paymentmethod_Credit card (automatic),paymentmethod_Electronic check,paymentmethod_Mailed check
2754-SDJRD,0.8516402807739681,0,Tier 1 - High Risk (Telepon & Diskon Maksimal),1,8,100.15,908.55,False,False,False,True,False,True,True,False,False,False,False,False,False,False,False,True,False,True,False,True,False,False,True,True,False,False
4686-UXDML,0.8053518378791725,0,Tier 1 - High Risk (Telepon & Diskon Maksimal),0,21,99.85,1992.55,False,False,False,True,False,True,True,False,False,False,False,True,False,False,False,False,False,True,False,True,False,False,True,True,False,False
4706-AXVKM,0.85318723528577,1,Tier 1 - High Risk (Telepon & Diskon Maksimal),1,11,84.8,906.85,False,False,False,True,False,True,True,False,False,False,False,False,False,False,False,False,False,False,False,True,False,False,True,True,False,False
1379-FRVEB,0.8183090281640992,0,Tier 1 - High Risk (Telepon & Diskon Maksimal),0,15,91.0,1430.05,True,False,True,True,False,True,True,False,False,False,False,True,False,False,False,False,False,True,False,False,False,False,True,False,True,False
7235-NXZCP,0.8656316999076887,1,Tier 1 - High Risk (Telepon & Diskon Maksimal),1,2,74.85,156.4,True,False,False,True,False,True,True,False,False,False,False,False,False,False,False,False,False,False,False,False,False,False,True,False,False,True
1894-IGFSG,0.7973968139522541,1,Tier 1 - High Risk (Telepon & Diskon Maksimal),0,22,89.25,1907.85,False,False,False,True,False,False,True,False,False,False,False,False,False,False,False,False,False,True,False,True,False,False,False,False,True,False
0871-URUWO,0.85079389552547,1,Tier 1 - High Risk (Telepon & Diskon Maksimal),0,13,102.25,1359.0,True,True,False,True,False,True,True,False,False,False,False,False,False,True,False,False,False,True,False,True,False,False,True,True,False,False
9611-CTWIH,0.9031458626806613,1,Tier 1 - High Risk (Telepon & Diskon Maksimal),0,3,89.45,240.45,False,False,False,True,False,False,True,False,False,False,False,False,False,False,False,False,False,True,False,True,False,False,True,False,True,False
8058-DMYRU,0.7036644055101696,0,Tier 1 - High Risk (Telepon & Diskon Maksimal),1,54,90.05,4931.8,True,False,False,True,False,True,True,False,False,False,False,True,False,False,False,False,False,False,False,True,False,False,True,False,True,False
2034-GDRCN,0.9030344948592621,1,Tier 1 - High Risk (Telepon & Diskon Maksimal),0,2,90.4,168.2,False,False,False,True,False,False,True,False,False,False,False,False,False,False,False,False,False,True,False,True,False,False,True,False,True,False
4415-IJZTP,0.8876968380538368,1,Tier 1 - High Risk (Telepon & Diskon Maksimal),0,1,74.5,74.5,False,False,False,True,False,True,True,False,False,False,False,False,False,False,False,False,False,False,False,False,False,False,True,False,True,False
4927-WWOOZ,0.8992560124520015,0,Tier 1 - High Risk (Telepon & Diskon Maksimal),0,2,91.45,171.45,True,True,False,True,False,True,True,False,False,False,False,False,False,True,False,False,False,True,False,False,False,False,True,False,True,False
9851-KIELU,0.7483267252032715,1,Tier 1 - High Risk (Telepon & Diskon Maksimal),0,10,110.1,1043.3,True,False,False,True,False,False,True,False,False,True,False,True,False,True,False,True,False,True,False,True,False,False,True,False,True,False
3199-XGZCY,0.8606047877383025,0,Tier 1 - High Risk (Telepon & Diskon Maksimal),0,8,75.25,576.7,False,False,False,True,False,True,True,False,False,False,False,False,False,False,False,False,False,False,False,False,False,False,True,False,True,False
7181-BQYBV,0.8715472535971216,1,Tier 1 - High Risk (Telepon & Diskon Maksimal),0,1,102.45,102.45,False,True,True,True,False,True,True,False,False,True,False,False,False,True,False,False,False,True,False,True,False,False,True,False,True,False
2754-XBHTB,0.8136153549948003,1,Tier 1 - High Risk (Telepon & Diskon Maksimal),0,9,77.65,714.15,False,False,False,True,False,False,True,False,False,False,False,False,False,False,False,False,False,True,False,False,False,False,True,False,False,False
8821-XNHVZ,0.813248569236138,1,Tier 1 - High Risk (Telepon & Diskon Maksimal),0,1,80.05,80.05,False,True,True,True,False,False,True,False,False,False,False,False,False,False,False,False,False,True,False,False,False,False,True,False,False,True
7534-BFESC,0.8127757156858505,1,Tier 1 - High Risk (Telepon & Diskon Maksimal),1,24,76.1,1712.7,True,False,False,True,False,True,True,False,False,False,False,False,False,False,False,False,False,False,False,False,False,False,True,False,True,False
9283-LZQOH,0.7510571985012214,1,Tier 1 - High Risk (Telepon & Diskon Maksimal),0,13,74.4,896.75,True,True,True,True,False,True,True,False,False,False,False,False,False,False,False,False,False,False,False,False,False,False,True,True,False,False
0970-ETWGE,0.9107654708306142,1,Tier 1 - High Risk (Telepon & Diskon Maksimal),0,1,89.55,89.55,True,False,False,True,False,False,True,False,False,False,False,False,False,False,False,False,False,True,False,True,False,False,True,False,True,False
8873-GLDMH,0.8286946897154032,0,Tier 1 - High Risk (Telepon & Diskon Maksimal),0,6,73.85,401.3,False,False,False,True,False,True,True,False,False,False,False,False,False,False,False,False,False,False,False,False,False,False,True,False,False,True
9907-SWKKF,0.737480222323968,1,Tier 1 - High Risk (Telepon & Diskon Maksimal),1,1,25.05,25.05,False,False,False,False,True,False,False,False,False,False,False,False,False,False,False,False,False,False,False,False,False,False,False,False,False,True
4658-HCOHW,0.7434668297524893,1,Tier 1 - High Risk (Telepon & Diskon Maksimal),0,21,102.8,2110.15,False,True,True,True,False,False,True,False,False,False,False,True,False,True,False,True,False,True,False,True,False,False,True,False,True,False
2860-RANUS,0.8144009785605874,1,Tier 1 - High Risk (Telepon & Diskon Maksimal),1,20,85.8,1727.5,False,False,False,True,False,True,True,False,False,False,False,False,False,False,False,False,False,False,False,True,False,False,True,True,False,False
3858-VOBET,0.8023876577634502,1,Tier 1 - High Risk (Telepon & Diskon Maksimal),0,23,74.95,1710.45,True,False,False,True,False,True,True,False,False,False,False,False,False,False,False,False,False,False,False,False,False,False,True,False,True,False
1768-ZAIFU,0.8470037297206607,1,Tier 1 - High Risk (Telepon & Diskon Maksimal),1,1,25.2,25.2,False,False,False,False,True,False,False,False,False,False,False,False,False,False,False,False,False,False,False,False,False,False,True,False,True,False
9221-OTIVJ,0.8960402386222442,1,Tier 1 - High Risk (Telepon & Diskon Maksimal),1,14,104.85,1531.4,False,False,False,True,False,True,True,False,False,False,False,True,False,True,False,False,False,True,False,True,False,False,True,False,True,False
2482-CZGBB,0.8274487684333889,1,Tier 1 - High Risk (Telepon & Diskon Maksimal),0,10,70.0,740.0,True,False,False,True,False,False,True,False,False,False,False,False,False,False,False,False,False,False,False,False,False,False,True,False,True,False
7018-WBJNK,0.7568484168390376,0,Tier 1 - High Risk (Telepon & Diskon Maksimal),0,13,78.3,1033.95,True,False,True,True,False,False,True,False,False,False,False,False,False,False,False,False,False,True,False,False,False,False,True,True,False,False
0432-CAJZV,0.8231188316236844,0,Tier 1 - High Risk (Telepon & Diskon Maksimal),0,3,90.7,237.65,True,False,False,True,False,False,True,False,False,False,False,False,False,False,False,False,False,True,False,True,False,False,False,False,False,True
9638-JIQYA,0.761025030147745,0,Tier 1 - High Risk (Telepon & Diskon Maksimal),0,2,24.9,49.7,True,False,False,False,True,False,False,False,False,False,False,False,False,False,False,False,False,False,False,False,False,False,True,True,False,False
1024-GUALD,0.8304873769734012,1,Tier 1 - High Risk (Telepon & Diskon Maksimal),0,1,24.8,24.8,False,True,False,False,True,False,False,False,False,False,False,False,False,False,False,False,False,False,False,False,False,False,True,False,True,False
7587-RZNME,0.741880834734032,1,Tier 1 - High Risk (Telepon & Diskon Maksimal),0,3,43.3,123.65,True,False,False,True,False,False,False,False,False,False,False,False,False,False,False,False,False,False,False,False,False,False,True,False,True,False
1346-UFHAX,0.7038233717118844,0,Tier 1 - High Risk (Telepon & Diskon Maksimal),0,13,80.0,1029.35,False,False,False,True,False,True,True,False,False,True,False,False,False,False,False,False,False,False,False,False,False,False,True,True,False,False
6910-HADCM,0.7997138189031189,1,Tier 1 - High Risk (Telepon & Diskon Maksimal),0,1,76.35,76.35,False,False,False,True,False,False,True,False,False,False,False,False,False,True,False,False,False,False,False,False,False,False,False,False,True,False
5376-DEQCP,0.8574254450303223,1,Tier 1 - High Risk (Telepon & Diskon Maksimal),0,1,70.6,70.6,False,False,False,True,False,False,True,False,False,False,False,False,False,False,False,False,False,False,False,False,False,False,True,False,True,False
6712-OAWRH,0.8451461164044336,1,Tier 1 - High Risk (Telepon & Diskon Maksimal),1,26,91.25,2351.8,False,False,False,True,False,False,True,False,False,False,False,False,False,False,False,False,False,True,False,True,False,False,True,False,True,False
3966-HRMZA,0.7626369315671183,0,Tier 1 - High Risk (Telepon & Diskon Maksimal),1,3,75.05,202.9,False,False,False,True,False,False,True,False,False,False,False,False,False,True,False,False,False,False,False,False,False,False,False,False,False,True
5606-AMZBO,0.7370847894982829,0,Tier 1 - High Risk (Telepon & Diskon Maksimal),0,10,78.15,765.15,False,True,False,True,False,True,True,False,False,True,False,False,False,False,False,False,False,False,False,False,False,False,True,True,False,False
8258-GSTJK,0.891647996937116,1,Tier 1 - High Risk (Telepon & Diskon Maksimal),1,3,77.0,237.75,True,False,False,True,False,True,True,False,False,False,False,False,False,False,False,False,False,False,False,False,False,False,True,False,True,False
6175-IRFIT,0.7918509672336749,0,Tier 1 - High Risk (Telepon & Diskon Maksimal),0,5,78.75,426.35,True,False,False,True,False,False,True,False,False,False,False,False,False,False,False,False,False,False,False,True,False,False,False,False,False,True
5373-SFODM,0.7497940763836436,1,Tier 1 - High Risk (Telepon & Diskon Maksimal),1,36,85.25,3132.75,True,True,False,True,False,True,True,False,False,False,False,False,False,False,False,False,False,False,False,True,False,False,True,True,False,False
0599-XNYDO,0.7030435761023865,0,Tier 1 - High Risk (Telepon & Diskon Maksimal),0,20,69.8,1540.35,False,True,False,True,False,False,True,False,False,False,False,False,False,False,False,False,False,False,False,False,False,False,True,False,False,False
2514-GINMM,0.8890919348001217,1,Tier 1 - High Risk (Telepon & Diskon Maksimal),0,1,79.5,79.5,True,False,False,True,False,False,True,False,False,False,False,False,False,False,False,False,False,True,False,False,False,False,True,False,True,False
2501-XWWTZ,0.7654682206790023,0,Tier 1 - High Risk (Telepon & Diskon Maksimal),0,11,70.2,760.05,True,False,False,True,False,False,True,False,False,False,False,False,False,False,False,False,False,False,False,False,False,False,False,False,True,False
0330-IVZHA,0.7967961331026553,1,Tier 1 - High Risk (Telepon & Diskon Maksimal),0,5,69.95,330.15,False,True,False,True,False,False,True,False,False,False,False,False,False,False,False,False,False,False,False,False,False,False,False,False,True,False
4229-CZMLL,0.8738828520782638,1,Tier 1 - High Risk (Telepon & Diskon Maksimal),0,6,74.9,469.8,True,False,False,True,False,True,True,False,False,False,False,False,False,False,False,False,False,False,False,False,False,False,True,False,True,False
4283-FUTGF,0.8382065687769789,1,Tier 1 - High Risk (Telepon & Diskon Maksimal),1,19,79.85,1471.75,True,False,False,True,False,True,True,False,False,False,False,False,False,True,False,False,False,False,False,False,False,False,True,False,True,False
8059-UDZFY,0.7373600320741609,0,Tier 1 - High Risk (Telepon & Diskon Maksimal),1,33,105.35,3465.05,False,False,True,True,False,True,True,False,False,False,False,True,False,True,False,False,False,True,False,True,False,False,True,False,False,False
2277-DJJDL,0.7094991995044623,0,Tier 1 - High Risk (Telepon & Diskon Maksimal),1,60,99.0,6017.9,True,True,False,True,False,True,True,False,False,False,False,False,False,False,False,True,False,True,False,True,False,False,True,False,True,False
2911-WDXMV,0.7051973759365462,0,Tier 1 - High Risk (Telepon & Diskon Maksimal),0,18,80.55,1406.65,True,False,True,True,False,True,True,False,False,False,False,False,False,True,False,False,False,False,False,False,False,False,True,True,False,False
0082-OQIQY,0.7690924474029247,0,Tier 1 - High Risk (Telepon & Diskon Maksimal),0,29,94.2,2607.6,True,False,False,True,False,False,True,False,False,False,False,False,False,False,False,True,False,True,False,True,False,False,True,False,True,False
9465-RWMXL,0.757749376702807,1,Tier 1 - High Risk (Telepon & Diskon Maksimal),0,32,78.9,2447.95,True,True,False,True,False,True,True,False,False,False,False,False,False,True,False,False,False,False,False,False,False,False,True,False,True,False
1100-DDVRV,0.72838822921046,0,Tier 1 - High Risk (Telepon & Diskon Maksimal),0,17,49.8,836.35,True,True,False,False,True,False,False,False,False,False,False,True,False,False,False,False,False,True,False,True,False,False,True,False,False,True
3338-CVVEH,0.8742316890083324,0,Tier 1 - High Risk (Telepon & Diskon Maksimal),0,12,94.55,1173.55,True,False,False,True,False,True,True,False,False,False,False,False,False,False,False,False,False,True,False,True,False,False,False,False,True,False
6892-XPFPU,0.8752604535974172,1,Tier 1 - High Risk (Telepon & Diskon Maksimal),1,24,104.25,2433.9,True,True,False,True,False,True,True,False,False,False,False,True,False,True,False,False,False,True,False,True,False,False,True,False,True,False
4115-NZRKS,0.9072081596881673,0,Tier 1 - High Risk (Telepon & Diskon Maksimal),1,7,89.15,574.35,False,False,False,True,False,False,True,False,False,False,False,False,False,False,False,False,False,True,False,True,False,False,True,False,True,False
6319-IEJWJ,0.8263099193459893,1,Tier 1 - High Risk (Telepon & Diskon Maksimal),0,20,90.2,1776.55,True,True,True,True,False,False,True,False,False,False,False,False,False,False,False,False,False,True,False,True,False,False,True,False,True,False
8849-AYPTR,0.7428667276238017,0,Tier 1 - High Risk (Telepon & Diskon Maksimal),0,33,91.25,2964.05,True,True,False,True,False,False,True,False,False,False,False,False,False,False,False,False,False,True,False,True,False,False,False,False,True,False
7180-PISOG,0.8686304639651639,1,Tier 1 - High Risk (Telepon & Diskon Maksimal),0,1,74.5,74.5,True,True,True,True,False,True,True,False,False,False,False,False,False,False,False,False,False,False,False,False,False,False,True,False,True,False
8443-ZRDBZ,0.8762805644027741,1,Tier 1 - High Risk (Telepon & Diskon Maksimal),0,4,76.05,318.9,True,False,False,True,False,True,True,False,False,False,False,False,False,False,False,False,False,False,False,False,False,False,True,False,True,False
0899-LIIBW,0.7915799025926384,0,Tier 1 - High Risk (Telepon & Diskon Maksimal),0,34,100.85,3527.3,True,True,False,True,False,True,True,False,False,False,False,False,False,True,False,False,False,True,False,True,False,False,False,False,True,False
3677-IYRBF,0.8346441708323594,1,Tier 1 - High Risk (Telepon & Diskon Maksimal),1,2,30.4,78.65,False,False,False,False,True,False,False,False,False,False,False,False,False,True,False,False,False,False,False,False,False,False,True,False,True,False
8393-DLHGA,0.7797521525839112,1,Tier 1 - High Risk (Telepon & Diskon Maksimal),0,25,95.9,2448.75,True,False,True,True,False,False,True,False,False,False,False,True,False,False,False,False,False,True,False,True,False,False,True,False,True,False
0952-KMEEH,0.764683453320556,1,Tier 1 - High Risk (Telepon & Diskon Maksimal),0,13,98.15,1230.25,True,False,False,True,False,True,True,False,False,True,False,False,False,False,False,False,False,True,False,True,False,False,False,False,False,True
4919-IKATY,0.7870612889618195,1,Tier 1 - High Risk (Telepon & Diskon Maksimal),0,5,84.5,453.75,True,True,True,True,False,True,True,False,False,True,False,False,False,True,False,False,False,False,False,False,False,False,True,False,True,False
6402-EJMWF,0.7020559656124089,0,Tier 1 - High Risk (Telepon & Diskon Maksimal),0,4,55.3,238.5,True,False,False,True,False,False,False,False,False,False,False,False,False,False,False,False,False,False,False,True,False,False,True,False,False,True
9747-DDZOS,0.7469492694497952,1,Tier 1 - High Risk (Telepon & Diskon Maksimal),0,1,73.5,73.5,False,False,False,True,False,False,True,False,False,False,False,False,False,True,False,False,False,False,False,False,False,False,False,False,False,False
0388-EOPEX,0.8014239159526821,1,Tier 1 - High Risk (Telepon & Diskon Maksimal),0,2,74.4,139.4,False,True,False,True,False,False,True,False,False,True,False,False,False,False,False,False,False,False,False,False,False,False,True,False,True,False
2587-EKXTS,0.7047277652689331,0,Tier 1 - High Risk (Telepon & Diskon Maksimal),0,44,111.5,4915.15,True,False,False,True,False,True,True,False,False,True,False,True,False,True,False,False,False,True,False,True,False,False,True,False,True,False
9752-ZNQUT,0.7165160920290404,0,Tier 1 - High Risk (Telepon & Diskon Maksimal),0,1,48.6,48.6,False,False,False,True,False,False,False,False,False,False,False,True,False,False,False,False,False,False,False,False,False,False,True,False,True,False
9572-WUKSB,0.7650565761091214,0,Tier 1 - High Risk (Telepon & Diskon Maksimal),0,3,29.9,92.25,True,True,False,False,True,False,False,False,False,False,False,False,False,False,False,True,False,False,False,False,False,False,True,False,True,False
8132-YPVBX,0.7975422116065038,0,Tier 1 - High Risk (Telepon & Diskon Maksimal),0,6,85.95,514.6,False,False,False,True,False,False,True,False,False,False,False,True,False,False,False,False,False,False,False,True,False,False,True,False,False,True
0235-KGSLC,0.8269351106840953,1,Tier 1 - High Risk (Telepon & Diskon Maksimal),0,1,85.55,85.55,False,False,False,True,False,False,True,False,False,False,False,False,False,True,False,False,False,True,False,False,False,False,True,True,False,False
1302-UHBDD,0.8277000234176308,0,Tier 1 - High Risk (Telepon & Diskon Maksimal),1,20,89.95,1648.45,True,False,False,True,False,False,True,False,False,False,False,False,False,False,False,False,False,True,False,True,False,False,False,False,True,False
3722-WPXTK,0.9140522040267843,1,Tier 1 - High Risk (Telepon & Diskon Maksimal),0,1,88.35,88.35,True,False,False,True,False,False,True,False,False,False,False,False,False,False,False,False,False,True,False,True,False,False,True,False,True,False
1335-NTIUC,0.7785562844799967,0,Tier 1 - High Risk (Telepon & Diskon Maksimal),0,9,24.95,190.25,True,False,False,False,True,False,False,False,False,False,False,False,False,False,False,False,False,False,False,False,False,False,True,False,True,False
2694-CIUMO,0.727234956643002,0,Tier 1 - High Risk (Telepon & Diskon Maksimal),0,12,79.55,958.25,False,False,False,True,False,True,True,False,False,False,False,False,False,False,False,True,False,False,False,False,False,False,True,True,False,False
2027-FECZV,0.8811383910359508,1,Tier 1 - High Risk (Telepon & Diskon Maksimal),0,12,106.7,1253.9,True,False,False,True,False,True,True,False,False,False,False,True,False,True,False,False,False,True,False,True,False,False,True,False,True,False
0524-IAVZO,0.8166562525955587,1,Tier 1 - High Risk (Telepon & Diskon Maksimal),0,30,85.0,2624.25,False,True,False,True,False,True,True,False,False,False,False,False,False,False,False,False,False,False,False,True,False,False,True,False,True,False
1658-TJVOA,0.8053988542315056,0,Tier 1 - High Risk (Telepon & Diskon Maksimal),1,6,74.1,450.9,False,False,False,True,False,False,True,False,False,True,False,False,False,False,False,False,False,False,False,False,False,False,True,False,True,False
6328-ZPBGN,0.8790519250161143,1,Tier 1 - High Risk (Telepon & Diskon Maksimal),1,11,95.15,997.65,False,False,False,True,False,True,True,False,False,False,False,False,False,False,False,False,False,True,False,True,False,False,True,False,False,False
8266-VBFQL,0.8302447527662629,0,Tier 1 - High Risk (Telepon & Diskon Maksimal),0,4,90.4,356.65,True,False,False,True,False,False,True,False,False,False,False,False,False,True,False,True,False,False,False,True,False,False,True,False,True,False
2325-NBPZG,0.7934782005959703,0,Tier 1 - High Risk (Telepon & Diskon Maksimal),0,3,74.55,233.65,False,False,False,True,False,False,True,False,False,True,False,False,False,False,False,False,False,False,False,False,False,False,True,False,True,False
2919-HBCJO,0.7520488779133311,1,Tier 1 - High Risk (Telepon & Diskon Maksimal),0,4,76.65,333.6,False,False,False,True,False,False,True,False,False,False,False,True,False,False,False,False,False,False,False,False,False,False,True,False,False,False
9508-ILZDG,0.7251418954506689,0,Tier 1 - High Risk (Telepon & Diskon Maksimal),1,34,96.35,3190.25,False,False,False,True,False,True,True,False,False,False,False,True,False,False,False,True,False,True,False,False,False,False,True,False,True,False
5442-BHQNG,0.8077389538431113,0,Tier 1 - High Risk (Telepon & Diskon Maksimal),0,2,70.35,139.25,False,False,False,True,False,False,True,False,False,False,False,False,False,False,False,False,False,False,False,False,False,False,False,False,True,False
9054-FOWNV,0.8149538442227129,0,Tier 1 - High Risk (Telepon & Diskon Maksimal),0,22,88.75,1885.15,True,True,True,True,False,True,True,False,False,False,False,False,False,True,False,False,False,True,False,False,False,False,True,False,True,False
6166-ILMNY,0.7422023801116105,1,Tier 1 - High Risk (Telepon & Diskon Maksimal),0,2,69.75,144.55,False,False,False,True,False,False,True,False,False,False,False,False,False,False,False,False,False,False,False,False,False,False,False,False,False,False
1820-TQVEV,0.8655585000428065,1,Tier 1 - High Risk (Telepon & Diskon Maksimal),0,1,69.55,69.55,True,False,False,True,False,False,True,False,False,False,False,False,False,False,False,False,False,False,False,False,False,False,True,False,True,False
6230-BSUXY,0.896809057142736,1,Tier 1 - High Risk (Telepon & Diskon Maksimal),1,1,85.0,85.0,False,False,False,True,False,False,True,False,False,False,False,False,False,True,False,False,False,False,False,True,False,False,True,False,True,False
1092-GANHU,0.7781784135020186,1,Tier 1 - High Risk (Telepon & Diskon Maksimal),0,17,76.65,1313.55,True,False,False,True,False,False,True,False,False,False,False,False,False,True,False,False,False,False,False,False,False,False,True,False,True,False
7029-RPUAV,0.8611196888135664,1,Tier 1 - High Risk (Telepon & Diskon Maksimal),1,17,100.45,1622.45,True,True,False,True,False,True,True,False,False,False,False,False,False,True,False,False,False,True,False,True,False,False,True,True,False,False
7748-UMTRK,0.7842855237553267,0,Tier 1 - High Risk (Telepon & Diskon Maksimal),1,30,101.3,2974.5,False,False,True,True,False,True,True,False,False,False,False,False,False,False,False,True,False,True,False,True,False,False,True,False,True,False
7209-JCUDS,0.885407876923011,1,Tier 1 - High Risk (Telepon & Diskon Maksimal),0,10,94.9,1048.85,True,False,False,True,False,False,True,False,False,False,False,False,False,True,False,False,False,True,False,True,False,False,True,False,True,False
2485-ITVKB,0.8559633814552092,1,Tier 1 - High Risk (Telepon & Diskon Maksimal),0,2,35.1,68.75,False,True,False,False,True,False,False,False,False,False,False,False,False,False,False,False,False,False,False,True,False,False,True,False,True,False
7928-VJYAB,0.8132538335867678,0,Tier 1 - High Risk (Telepon & Diskon Maksimal),0,11,90.6,1020.2,True,True,True,True,False,False,True,False,False,False,False,False,False,False,False,False,False,True,False,True,False,False,False,False,True,False
1522-VVDMG,0.7635847595991015,1,Tier 1 - High Risk (Telepon & Diskon Maksimal),0,7,89.75,608.8,True,True,True,True,False,False,True,False,False,False,False,True,False,False,False,True,False,True,False,False,False,False,True,False,True,False
2665-NPTGL,0.8378550990766859,0,Tier 1 - High Risk (Telepon & Diskon Maksimal),1,26,98.1,2510.7,False,True,False,True,False,True,True,False,False,False,False,False,False,True,False,False,False,True,False,True,False,False,True,False,False,False
9741-YLNTD,0.817302722979013,0,Tier 1 - High Risk (Telepon & Diskon Maksimal),0,6,87.95,522.35,True,False,False,True,False,True,True,False,False,False,False,False,False,False,False,True,False,False,False,True,False,False,True,False,False,False
6000-APYLU,0.8608611128153653,1,Tier 1 - High Risk (Telepon & Diskon Maksimal),0,9,80.8,713.1,True,False,False,True,False,False,True,False,False,False,False,False,False,False,False,False,False,False,False,True,False,False,True,False,True,False
9420-LOJKX,0.7203614563182645,1,Tier 1 - High Risk (Telepon & Diskon Maksimal),0,15,99.1,1426.4,False,False,False,True,False,False,True,False,False,True,False,True,False,False,False,False,False,True,False,True,False,False,True,True,False,False
5129-JLPIS,0.7086611755413456,0,Tier 1 - High Risk (Telepon & Diskon Maksimal),0,25,105.5,2686.05,True,False,False,True,False,False,True,False,False,True,False,False,False,True,False,True,False,True,False,True,False,False,True,False,True,False
2971-SGAFL,0.7193588253716786,0,Tier 1 - High Risk (Telepon & Diskon Maksimal),0,13,78.75,995.35,False,False,False,True,False,True,False,False,False,True,False,False,False,True,False,False,False,True,False,True,False,False,True,False,True,False
4735-ASGMA,0.8694581377965025,1,Tier 1 - High Risk (Telepon & Diskon Maksimal),0,26,98.35,2515.3,True,False,False,True,False,True,True,False,False,False,False,False,False,True,False,False,False,True,False,True,False,False,True,False,True,False
1112-CUNAO,0.8296577859769131,1,Tier 1 - High Risk (Telepon & Diskon Maksimal),1,15,89.85,1424.95,False,False,False,True,False,True,True,False,False,False,False,True,False,False,False,False,False,False,False,True,False,False,False,False,True,False
7571-YXDAD,0.7835974241304746,1,Tier 1 - High Risk (Telepon & Diskon Maksimal),0,2,74.9,147.15,False,False,False,True,False,True,True,False,False,False,False,False,False,False,False,False,False,False,False,False,False,False,False,True,False,False
8714-EUHJO,0.7494202020124178,1,Tier 1 - High Risk (Telepon & Diskon Maksimal),0,31,91.15,2995.45,False,True,True,True,False,True,True,False,False,False,False,True,False,False,False,False,False,False,False,True,False,False,True,False,True,False
4713-LZDRV,0.9004899603527627,1,Tier 1 - High Risk (Telepon & Diskon Maksimal),1,2,79.6,195.05,False,False,False,True,False,False,True,False,False,False,False,False,False,False,False,False,False,False,False,True,False,False,True,False,True,False
7470-MCQTK,0.7681687044732308,1,Tier 1 - High Risk (Telepon & Diskon Maksimal),0,13,48.75,633.4,False,True,False,False,True,False,False,False,False,False,False,False,False,True,False,False,False,True,False,True,False,False,True,False,False,False
4581-LNWUM,0.7747142047399558,0,Tier 1 - High Risk (Telepon & Diskon Maksimal),0,13,49.15,649.4,False,False,False,False,True,False,False,False,False,False,False,False,False,True,False,False,False,True,False,True,False,False,False,False,True,False
5022-JNQEQ,0.7241281593671545,0,Tier 1 - High Risk (Telepon & Diskon Maksimal),0,9,75.85,647.5,False,True,True,True,False,False,True,False,False,False,False,False,False,False,False,True,False,False,False,False,False,False,True,False,True,False
4983-CCWMC,0.8096284762244268,0,Tier 1 - High Risk (Telepon & Diskon Maksimal),0,3,69.6,207.4,True,False,False,True,False,False,True,False,False,False,False,False,False,False,False,False,False,False,False,False,False,False,True,False,False,True
2867-UIMSS,0.8504183190580845,1,Tier 1 - High Risk (Telepon & Diskon Maksimal),0,1,80.5,80.5,True,False,False,True,False,False,True,False,False,False,False,False,False,False,False,False,False,False,False,True,False,False,False,False,True,False
7603-USHJS,0.7597027841549326,1,Tier 1 - High Risk (Telepon & Diskon Maksimal),0,12,73.75,871.4,True,False,True,True,False,True,True,False,False,False,False,False,False,False,False,False,False,False,False,False,False,False,True,True,False,False
8160-HOWOX,0.7758159264181268,0,Tier 1 - High Risk (Telepon & Diskon Maksimal),0,7,66.85,458.1,False,False,False,True,False,False,False,False,False,False,False,False,False,False,False,False,False,True,False,True,False,False,True,False,True,False
0258-NOKBL,0.8136361889250483,0,Tier 1 - High Risk (Telepon & Diskon Maksimal),0,3,90.4,268.45,True,False,False,True,False,False,True,False,False,False,False,True,False,True,False,False,False,False,False,True,False,False,False,False,True,False
2800-QQUSO,0.7571579157924466,0,Tier 1 - High Risk (Telepon & Diskon Maksimal),0,42,100.3,4222.95,True,False,False,True,False,True,True,False,False,False,False,False,False,False,False,True,False,True,False,True,False,False,True,False,True,False
6969-MVBAI,0.8955863336495637,0,Tier 1 - High Risk (Telepon & Diskon Maksimal),1,9,90.1,816.8,False,False,False,True,False,True,True,False,False,False,False,False,False,True,False,False,False,True,False,False,False,False,True,False,True,False
2782-LFZVW,0.701535663162503,0,Tier 1 - High Risk (Telepon & Diskon Maksimal),0,11,58.95,601.6,False,False,False,True,False,True,False,False,False,False,False,False,False,False,False,False,False,False,False,True,False,False,True,False,False,True
0256-LTHVJ,0.7316859452543074,1,Tier 1 - High Risk (Telepon & Diskon Maksimal),0,28,81.05,2227.1,False,True,True,True,False,False,True,False,False,False,False,False,False,False,False,False,False,False,False,True,False,False,True,False,True,False
4547-LYTDD,0.7911063151661104,1,Tier 1 - High Risk (Telepon & Diskon Maksimal),0,16,72.65,1194.3,False,False,False,True,False,True,True,False,False,False,False,False,False,False,False,False,False,False,False,False,False,False,False,False,True,False
1077-HUUJM,0.7949022088782435,0,Tier 1 - High Risk (Telepon & Diskon Maksimal),0,7,71.05,472.65,False,False,True,True,False,False,True,False,False,False,False,False,False,False,False,False,False,False,False,False,False,False,True,False,True,False
2041-JIJCI,0.7807749075902553,0,Tier 1 - High Risk (Telepon & Diskon Maksimal),0,5,64.0,370.25,False,False,False,True,False,True,False,False,False,False,False,True,False,False,False,False,False,False,False,True,False,False,True,False,True,False
3292-PBZEJ,0.8630812178752045,0,Tier 1 - High Risk (Telepon & Diskon Maksimal),1,11,111.4,1183.05,True,False,False,True,False,True,True,False,False,False,False,True,False,True,False,True,False,True,False,True,False,False,True,False,True,False
9878-TNQGW,0.8839002228019522,1,Tier 1 - High Risk (Telepon & Diskon Maksimal),0,2,80.95,171.15,True,False,False,True,False,False,True,False,False,False,False,False,False,False,False,False,False,False,False,True,False,False,True,False,True,False
5016-IBERQ,0.7210491453516108,0,Tier 1 - High Risk (Telepon & Diskon Maksimal),0,23,84.25,1968.1,True,True,False,True,False,True,True,False,False,False,False,True,False,True,False,False,False,False,False,False,False,False,False,False,True,False
1016-DJTSV,0.8568407990128429,0,Tier 1 - High Risk (Telepon & Diskon Maksimal),1,8,69.7,572.85,True,False,False,True,False,False,True,False,False,False,False,False,False,False,False,False,False,False,False,False,False,False,True,False,True,False
8903-XEBGX,0.7395730130879388,0,Tier 1 - High Risk (Telepon & Diskon Maksimal),0,2,55.3,108.65,True,False,True,True,False,False,False,False,False,False,False,False,False,False,False,False,False,False,False,True,False,False,True,False,True,False
7952-OBOYL,0.7781597183116084,0,Tier 1 - High Risk (Telepon & Diskon Maksimal),0,3,89.85,244.45,True,False,False,True,False,False,True,False,False,False,False,False,False,True,False,True,False,True,False,False,False,False,True,False,False,True
8818-DOPVL,0.7992257626847749,0,Tier 1 - High Risk (Telepon & Diskon Maksimal),1,46,104.45,4863.85,False,False,False,True,False,True,True,False,False,False,False,True,False,True,False,False,False,True,False,True,False,False,True,False,True,False
3717-OEAUQ,0.75116385628848,0,Tier 1 - High Risk (Telepon & Diskon Maksimal),0,2,70.7,129.2,True,False,False,True,False,False,True,False,False,False,False,False,False,False,False,False,False,False,False,False,False,False,False,False,False,True
4750-ZRXIU,0.9151903132029723,1,Tier 1 - High Risk (Telepon & Diskon Maksimal),1,4,84.6,360.1,False,False,False,True,False,True,True,False,False,False,False,False,False,False,False,False,False,False,False,True,False,False,True,False,True,False
3932-CMDTD,0.7080728318041276,1,Tier 1 - High Risk (Telepon & Diskon Maksimal),0,4,105.65,443.9,False,False,False,True,False,False,True,False,False,False,False,True,False,True,False,True,False,True,False,True,True,False,True,False,True,False
1902-XBTFB,0.7444895114429858,1,Tier 1 - High Risk (Telepon & Diskon Maksimal),0,22,89.4,2001.5,True,False,True,True,False,False,True,False,False,False,False,True,False,True,False,False,False,True,False,False,False,False,True,False,True,False
9779-DPNEJ,0.7725149565666322,0,Tier 1 - High Risk (Telepon & Diskon Maksimal),0,22,80.15,1790.65,False,True,True,True,False,False,True,False,False,False,False,False,False,False,False,False,False,False,False,True,False,False,True,False,True,False
1731-TVIUK,0.8509844727320369,1,Tier 1 - High Risk (Telepon & Diskon Maksimal),0,4,93.5,362.2,False,False,False,True,False,True,True,False,False,False,False,True,False,False,False,True,False,False,False,True,False,False,True,False,True,False
0685-MLYYM,0.8289487971630664,1,Tier 1 - High Risk (Telepon & Diskon Maksimal),1,2,70.75,154.85,False,False,False,True,False,False,True,False,False,False,False,False,False,False,False,False,False,False,False,False,False,False,False,False,True,False
1448-PWKYE,0.8240905409833529,1,Tier 1 - High Risk (Telepon & Diskon Maksimal),0,1,80.0,80.0,True,True,True,True,False,False,True,False,False,False,False,False,False,False,False,False,False,False,False,True,False,False,False,False,True,False
8650-RHRKE,0.8081498670686619,1,Tier 1 - High Risk (Telepon & Diskon Maksimal),0,4,29.65,118.5,True,False,False,False,True,False,False,False,False,False,False,False,False,True,False,False,False,False,False,False,False,False,True,False,True,False
0988-JRWWP,0.7705715615972117,0,Tier 1 - High Risk (Telepon & Diskon Maksimal),0,3,54.2,140.4,False,False,False,True,False,False,False,False,False,False,False,False,False,False,False,False,False,True,False,False,False,False,True,False,True,False
7460-ITWWP,0.7079685240009109,0,Tier 1 - High Risk (Telepon & Diskon Maksimal),1,45,86.1,3861.45,False,True,False,True,False,False,True,False,False,False,False,False,False,True,False,False,False,False,False,True,False,False,True,False,True,False
9717-QEBGU,0.8588000339030698,0,Tier 1 - High Risk (Telepon & Diskon Maksimal),0,2,70.3,144.0,True,False,False,True,False,False,True,False,False,False,False,False,False,False,False,False,False,False,False,False,False,False,True,False,True,False
0876-WDUUZ,0.7635970058573572,1,Tier 1 - High Risk (Telepon & Diskon Maksimal),0,5,85.4,425.9,False,False,False,True,False,False,True,False,False,False,False,False,False,False,False,True,False,False,False,True,False,False,True,True,False,False
7881-EVUAD,0.779459964527269,1,Tier 1 - High Risk (Telepon & Diskon Maksimal),0,2,42.6,72.4,False,False,False,False,True,False,False,False,False,True,False,True,False,False,False,False,False,False,False,True,False,False,True,False,True,False
6377-WHAOX,0.7031441670619304,0,Tier 1 - High Risk (Telepon & Diskon Maksimal),0,60,106.15,6411.25,False,True,False,True,False,True,True,False,False,False,False,True,False,True,False,False,False,True,False,True,False,False,True,False,True,False
9167-APMXZ,0.7830723223636353,0,Tier 1 - High Risk (Telepon & Diskon Maksimal),0,22,84.15,1821.95,False,False,False,True,False,True,True,False,False,False,False,False,False,False,False,False,False,True,False,False,False,False,True,False,False,False
0616-ATFGB,0.8070406360447092,1,Tier 1 - High Risk (Telepon & Diskon Maksimal),1,1,25.05,25.05,True,True,False,False,True,False,False,False,False,False,False,False,False,False,False,False,False,False,False,False,False,False,False,False,True,False
7273-TEFQD,0.8618487513003676,1,Tier 1 - High Risk (Telepon & Diskon Maksimal),1,3,41.15,132.2,True,False,False,False,True,False,False,False,False,False,False,False,False,True,False,False,False,False,False,True,False,False,True,False,True,False
8245-UMPYT,0.9029932271146662,1,Tier 1 - High Risk (Telepon & Diskon Maksimal),1,16,96.4,1581.2,False,False,False,True,False,True,True,False,False,False,False,False,False,False,False,False,False,True,False,True,False,False,True,False,True,False
3908-BLSYF,0.8271572643037147,1,Tier 1 - High Risk (Telepon & Diskon Maksimal),0,6,83.9,497.55,False,False,False,True,False,False,True,False,False,False,False,False,False,True,False,False,False,False,False,True,False,False,False,False,True,False
4317-VTEOA,0.708010553682388,1,Tier 1 - High Risk (Telepon & Diskon Maksimal),0,1,50.75,50.75,True,False,False,True,False,False,False,False,False,False,False,True,False,False,False,False,False,False,False,False,False,False,True,False,True,False
8709-KRDVL,0.8231004880809051,0,Tier 1 - High Risk (Telepon & Diskon Maksimal),0,33,100.0,3320.6,False,False,False,True,False,True,True,False,False,False,False,True,False,False,False,False,False,True,False,True,False,False,True,False,True,False
8083-YTZES,0.8812877467475023,1,Tier 1 - High Risk (Telepon & Diskon Maksimal),0,4,74.35,265.35,True,False,False,True,False,True,True,False,False,False,False,False,False,False,False,False,False,False,False,False,False,False,True,False,True,False
1236-WFCDV,0.7944246318279784,1,Tier 1 - High Risk (Telepon & Diskon Maksimal),1,14,90.45,1266.1,True,False,False,True,False,False,True,False,False,False,False,False,False,False,False,False,False,True,False,True,False,False,False,True,False,False
3585-ISXZP,0.8280489686854543,1,Tier 1 - High Risk (Telepon & Diskon Maksimal),0,8,95.65,778.1,False,False,False,True,False,True,True,False,False,False,False,False,False,False,False,False,False,True,False,True,False,False,False,False,False,False
8380-PEFPE,0.8266761065843485,1,Tier 1 - High Risk (Telepon & Diskon Maksimal),0,1,71.65,71.65,True,False,True,True,False,False,True,False,False,False,False,False,False,False,False,False,False,False,False,False,False,False,True,False,True,False
2025-JKFWI,0.8274347337952006,1,Tier 1 - High Risk (Telepon & Diskon Maksimal),0,13,99.0,1301.7,True,False,False,True,False,True,True,False,False,False,False,False,False,False,False,True,False,True,False,True,False,False,True,False,False,True
8397-MVTAZ,0.8438069847380262,1,Tier 1 - High Risk (Telepon & Diskon Maksimal),0,34,100.05,3480.0,True,True,False,True,False,True,True,False,False,False,False,False,False,True,False,False,False,True,False,True,False,False,True,False,True,False
4445-ZJNMU,0.8586705753964555,0,Tier 1 - High Risk (Telepon & Diskon Maksimal),0,9,99.3,918.75,True,False,False,True,False,True,True,False,False,False,False,True,False,False,False,False,False,True,False,True,False,False,True,True,False,False
9248-OJYKK,0.8989852603992728,1,Tier 1 - High Risk (Telepon & Diskon Maksimal),1,1,76.45,76.45,True,False,False,True,False,True,True,False,False,False,False,False,False,False,False,False,False,False,False,False,False,False,True,False,True,False
6979-ZNSFF,0.8822439127479972,1,Tier 1 - High Risk (Telepon & Diskon Maksimal),0,8,87.05,762.1,False,False,False,True,False,True,True,False,False,False,False,False,False,False,False,False,False,True,False,False,False,False,True,False,True,False
8938-UMKPI,0.7633501199816815,1,Tier 1 - High Risk (Telepon & Diskon Maksimal),0,47,106.4,5127.95,False,False,False,True,False,True,True,False,False,False,False,True,False,True,False,False,False,True,False,True,False,False,True,False,True,False
9057-SIHCH,0.9171515540030524,1,Tier 1 - High Risk (Telepon & Diskon Maksimal),0,3,96.6,291.9,False,False,False,True,False,True,True,False,False,False,False,False,False,False,False,False,False,True,False,True,False,False,True,False,True,False
9866-QEVEE,0.7951776965086842,1,Tier 1 - High Risk (Telepon & Diskon Maksimal),0,19,86.0,1532.45,True,False,False,True,False,True,True,False,False,False,False,False,False,False,False,False,False,False,False,True,False,False,True,False,False,False
5542-TBBWB,0.8641563926257759,0,Tier 1 - High Risk (Telepon & Diskon Maksimal),0,1,69.9,69.9,True,False,False,True,False,False,True,False,False,False,False,False,False,False,False,False,False,False,False,False,False,False,True,False,True,False
4587-VVTOX,0.8971442203640236,1,Tier 1 - High Risk (Telepon & Diskon Maksimal),0,6,105.3,545.2,False,True,False,True,False,True,True,False,False,False,False,True,False,True,False,False,False,True,False,True,False,False,True,False,True,False
6284-AHOOQ,0.7472971131019713,1,Tier 1 - High Risk (Telepon & Diskon Maksimal),1,22,90.5,1910.6,True,False,False,True,False,True,True,False,False,False,False,False,False,False,False,True,False,True,False,False,False,False,True,False,False,False
1751-NCDLI,0.8250299392327819,0,Tier 1 - High Risk (Telepon & Diskon Maksimal),1,46,98.85,4564.9,True,True,False,True,False,True,True,False,False,False,False,False,False,True,False,False,False,True,False,True,False,False,True,False,True,False
4301-VVZKA,0.8348244137100148,0,Tier 1 - High Risk (Telepon & Diskon Maksimal),0,16,75.4,1189.4,True,True,False,True,False,True,True,False,False,False,False,False,False,False,False,False,False,False,False,False,False,False,True,False,True,False
6023-YEBUP,0.9181307859411055,1,Tier 1 - High Risk (Telepon & Diskon Maksimal),0,3,100.95,329.95,True,False,False,True,False,True,True,False,False,False,False,False,False,True,False,False,False,True,False,True,False,False,True,False,True,False
9940-RHLFB,0.8054161063210636,1,Tier 1 - High Risk (Telepon & Diskon Maksimal),0,1,75.3,75.3,False,False,False,True,False,False,True,False,False,False,False,False,False,True,False,False,False,False,False,False,False,False,False,False,True,False
4631-OACRM,0.8626008672866761,1,Tier 1 - High Risk (Telepon & Diskon Maksimal),1,15,79.4,1156.1,True,False,False,True,False,False,True,False,False,False,False,False,False,False,False,False,False,False,False,True,False,False,True,False,True,False
8593-WHYHV,0.9055126845390562,1,Tier 1 - High Risk (Telepon & Diskon Maksimal),0,3,85.3,264.8,True,False,False,True,False,True,True,False,False,False,False,False,False,False,False,False,False,False,False,True,False,False,True,False,True,False
4360-PNRQB,0.75887293168344,0,Tier 1 - High Risk (Telepon & Diskon Maksimal),0,18,75.6,1395.05,True,False,False,True,False,True,True,False,False,False,False,False,False,False,False,False,False,False,False,False,False,False,True,False,False,False
3030-YDNRM,0.8659232852273093,0,Tier 1 - High Risk (Telepon & Diskon Maksimal),0,8,74.85,572.45,True,False,False,True,False,True,True,False,False,False,False,False,False,False,False,False,False,False,False,False,False,False,True,False,True,False
4817-VYYWS,0.831881631007369,1,Tier 1 - High Risk (Telepon & Diskon Maksimal),0,30,100.2,2983.8,False,False,False,True,False,True,True,False,False,False,False,True,False,False,False,False,False,True,False,True,False,False,True,False,True,False
8778-LMWTJ,0.760534652773462,0,Tier 1 - High Risk (Telepon & Diskon Maksimal),0,9,74.85,708.2,False,False,False,True,False,False,True,False,False,True,False,False,False,False,False,False,False,False,False,False,False,False,True,False,True,False
9840-DVNDC,0.8166681057692997,1,Tier 1 - High Risk (Telepon & Diskon Maksimal),0,6,80.5,463.05,True,False,False,True,False,False,True,False,False,False,False,False,False,False,False,False,False,True,False,False,False,False,True,True,False,False
3519-ZKXGG,0.8790368134439748,1,Tier 1 - High Risk (Telepon & Diskon Maksimal),0,3,75.85,256.6,False,True,False,True,False,True,True,False,False,False,False,False,False,False,False,False,False,False,False,False,False,False,True,False,True,False
3312-ZWLGF,0.7514763984668522,0,Tier 1 - High Risk (Telepon & Diskon Maksimal),1,29,79.3,2414.55,True,True,False,True,False,True,True,False,False,False,False,False,False,False,False,True,False,False,False,False,False,False,True,False,True,False
4846-WHAFZ,0.7459193240023938,1,Tier 1 - High Risk (Telepon & Diskon Maksimal),1,37,76.5,2868.15,False,True,False,True,False,True,True,False,False,False,False,False,False,False,False,False,False,False,False,False,False,False,True,False,True,False
6857-VWJDT,0.8587884335599529,1,Tier 1 - High Risk (Telepon & Diskon Maksimal),0,1,95.65,95.65,False,False,False,True,False,True,True,False,False,False,False,False,False,False,False,False,False,True,False,True,False,False,False,False,False,True
7363-QTBIW,0.8648243543504427,0,Tier 1 - High Risk (Telepon & Diskon Maksimal),0,9,79.75,769.1,False,True,False,True,False,False,True,False,False,False,False,False,False,False,False,False,False,False,False,True,False,False,True,False,True,False
6158-HDPXZ,0.7112775894672936,0,Tier 1 - High Risk (Telepon & Diskon Maksimal),0,1,25.35,25.35,True,False,False,False,True,False,False,False,False,False,False,False,False,False,False,False,False,False,False,False,False,False,False,False,False,True
5419-CONWX,0.8527310412269418,1,Tier 1 - High Risk (Telepon & Diskon Maksimal),1,4,99.8,442.85,False,False,False,True,False,False,True,False,False,False,False,True,False,True,False,False,False,True,False,True,False,False,True,True,False,False
6507-ZJSUR,0.8658478892072524,0,Tier 1 - High Risk (Telepon & Diskon Maksimal),1,23,90.45,2117.25,True,True,False,True,False,False,True,False,False,False,False,False,False,False,False,False,False,True,False,True,False,False,True,False,True,False
3365-SAIGS,0.8075911004257589,0,Tier 1 - High Risk (Telepon & Diskon Maksimal),0,17,83.55,1329.15,False,False,False,True,False,False,True,False,False,False,False,True,False,False,False,False,False,True,False,False,False,False,True,False,True,False
9979-RGMZT,0.7109008188696365,0,Tier 1 - High Risk (Telepon & Diskon Maksimal),0,7,94.05,633.45,False,False,False,True,False,False,True,False,False,False,False,True,False,False,False,False,False,True,False,True,True,False,True,False,False,True
8445-DNBAE,0.7465586441505659,0,Tier 1 - High Risk (Telepon & Diskon Maksimal),0,1,50.05,50.05,True,False,True,True,False,True,False,False,False,False,False,False,False,False,False,False,False,False,False,False,False,False,True,False,True,False
1320-HTRDR,0.8776425802462399,1,Tier 1 - High Risk (Telepon & Diskon Maksimal),0,3,75.5,220.6,False,False,False,True,False,True,True,False,False,False,False,False,False,False,False,False,False,False,False,False,False,False,True,False,True,False
2254-DLXRI,0.8274935889359301,0,Tier 1 - High Risk (Telepon & Diskon Maksimal),0,1,79.15,79.15,False,False,False,True,False,True,True,False,False,False,False,True,False,False,False,False,False,False,False,False,False,False,True,False,False,True
5339-PXDVH,0.8080129720539555,0,Tier 1 - High Risk (Telepon & Diskon Maksimal),0,4,90.65,367.95,True,False,False,True,False,True,True,False,False,True,False,False,False,False,False,False,False,True,False,False,False,False,False,False,True,False
2386-LAHRK,0.7300505472879164,1,Tier 1 - High Risk (Telepon & Diskon Maksimal),0,1,53.5,53.5,True,False,False,True,False,False,False,False,False,False,False,False,False,False,False,False,False,True,False,False,False,False,True,False,False,True
3716-BDVDB,0.8673432274367241,1,Tier 1 - High Risk (Telepon & Diskon Maksimal),0,1,69.1,69.1,True,False,False,True,False,False,True,False,False,False,False,False,False,False,False,False,False,False,False,False,False,False,True,False,True,False
1867-BDVFH,0.8302220084187204,1,Tier 1 - High Risk (Telepon & Diskon Maksimal),0,11,74.35,834.2,True,True,True,True,False,True,True,False,False,False,False,False,False,False,False,False,False,False,False,False,False,False,True,False,True,False
8622-ZLFKO,0.8784417961166836,0,Tier 1 - High Risk (Telepon & Diskon Maksimal),0,6,90.75,512.25,False,True,False,True,False,True,True,False,False,False,False,True,False,False,False,False,False,False,False,True,False,False,True,False,True,False
7409-KIUTL,0.8462599003504947,1,Tier 1 - High Risk (Telepon & Diskon Maksimal),1,1,71.0,71.0,False,False,True,True,False,False,True,False,False,False,False,False,False,False,False,False,False,False,False,False,False,False,True,False,True,False
5226-NOZFC,0.7583320990656357,0,Tier 1 - High Risk (Telepon & Diskon Maksimal),0,26,85.75,2146.5,True,False,False,True,False,False,True,False,False,False,False,True,False,False,False,False,False,True,False,False,False,False,True,False,True,False
2202-CUYXZ,0.8829510265771725,1,Tier 1 - High Risk (Telepon & Diskon Maksimal),0,1,84.85,84.85,True,False,False,True,False,False,True,False,False,False,False,False,False,True,False,False,False,True,False,False,False,False,True,False,True,False
7278-CKDNC,0.8031913454949215,0,Tier 1 - High Risk (Telepon & Diskon Maksimal),1,24,80.5,2088.45,True,False,False,True,False,True,True,False,False,False,False,True,False,False,False,False,False,False,False,False,False,False,True,False,True,False
6034-YMTOB,0.7249249210209517,0,Tier 1 - High Risk (Telepon & Diskon Maksimal),0,5,75.65,399.45,False,False,False,True,False,False,True,False,False,False,False,False,False,False,False,True,False,False,False,False,False,False,True,False,False,True
6372-RFVNS,0.8526549573198869,1,Tier 1 - High Risk (Telepon & Diskon Maksimal),0,1,78.8,78.8,False,True,False,True,False,False,True,False,False,False,False,False,False,False,False,False,False,True,False,False,False,False,False,False,True,False
2959-MJHIC,0.8784058887598323,1,Tier 1 - High Risk (Telepon & Diskon Maksimal),0,4,80.35,307.4,True,True,False,True,False,False,True,False,False,False,False,False,False,False,False,False,False,True,False,False,False,False,True,False,True,False
1319-YLZJG,0.7135861663573214,0,Tier 1 - High Risk (Telepon & Diskon Maksimal),0,12,84.6,959.9,True,True,False,True,False,False,True,False,False,True,False,True,False,True,False,False,False,False,False,False,False,False,True,False,True,False
5759-RCVCB,0.7234805725372863,1,Tier 1 - High Risk (Telepon & Diskon Maksimal),0,3,35.2,108.95,False,False,False,False,True,False,False,False,False,False,False,False,False,False,False,False,False,True,False,False,False,False,False,True,False,False
1143-NMNQJ,0.9038372700473448,1,Tier 1 - High Risk (Telepon & Diskon Maksimal),0,2,85.7,169.8,False,False,False,True,False,True,True,False,False,False,False,False,False,False,False,False,False,False,False,True,False,False,True,False,True,False
7005-CCBKV,0.8598695432136471,1,Tier 1 - High Risk (Telepon & Diskon Maksimal),0,6,84.4,556.35,True,False,False,True,False,False,True,False,False,False,False,True,False,False,False,False,False,False,False,True,False,False,True,False,True,False
0749-IRGQE,0.8005343784278751,0,Tier 1 - High Risk (Telepon & Diskon Maksimal),1,13,45.3,528.45,False,True,False,False,True,False,False,False,False,False,False,False,False,False,False,False,False,True,False,True,False,False,False,False,True,False
6481-ESCNL,0.7292168236138887,0,Tier 1 - High Risk (Telepon & Diskon Maksimal),0,29,100.55,2878.75,False,False,False,True,False,True,True,False,False,False,False,False,False,True,False,False,False,True,False,True,False,False,False,False,False,False
5196-SGOAK,0.8358506573384126,1,Tier 1 - High Risk (Telepon & Diskon Maksimal),0,1,75.7,75.7,False,False,False,True,False,False,True,False,False,False,False,True,False,False,False,False,False,False,False,False,False,False,True,False,True,False
8739-XNIKG,0.8991085941018627,0,Tier 1 - High Risk (Telepon & Diskon Maksimal),0,5,84.0,424.75,False,False,False,True,False,True,True,False,False,False,False,False,False,False,False,False,False,True,False,False,False,False,True,False,True,False
5186-SAMNZ,0.8344357954436687,1,Tier 1 - High Risk (Telepon & Diskon Maksimal),1,1,69.5,69.5,True,False,False,True,False,False,True,False,False,False,False,False,False,False,False,False,False,False,False,False,False,False,True,False,False,False
5760-FXFVO,0.7595173480817394,0,Tier 1 - High Risk (Telepon & Diskon Maksimal),0,6,78.95,494.95,True,False,False,True,False,False,True,False,False,True,False,True,False,False,False,False,False,False,False,False,False,False,True,False,True,False
5380-WJKOV,0.8139171197460601,1,Tier 1 - High Risk (Telepon & Diskon Maksimal),0,34,106.35,3549.25,True,False,False,True,False,True,True,False,False,False,False,True,False,True,False,False,False,True,False,True,False,False,True,False,True,False
4947-DSMXK,0.7331665492534026,0,Tier 1 - High Risk (Telepon & Diskon Maksimal),0,34,97.7,3410.0,True,True,True,True,False,True,True,False,False,False,False,True,False,False,False,False,False,True,False,True,False,False,True,False,False,False
4412-YLTKF,0.80868632498083,1,Tier 1 - High Risk (Telepon & Diskon Maksimal),1,27,78.05,2135.5,False,False,False,True,False,True,True,False,False,False,False,False,False,True,False,False,False,False,False,False,False,False,True,False,True,False
7817-BOQPW,0.8812122582392892,1,Tier 1 - High Risk (Telepon & Diskon Maksimal),0,2,75.55,166.3,False,False,False,True,False,True,True,False,False,False,False,False,False,False,False,False,False,False,False,False,False,False,True,False,True,False
0963-ZBDRN,0.7535562311299067,1,Tier 1 - High Risk (Telepon & Diskon Maksimal),0,32,96.2,3183.4,True,False,False,True,False,False,True,False,False,False,False,False,False,False,False,True,False,True,False,True,False,False,True,False,True,False
9685-WKZGT,0.862103416753182,1,Tier 1 - High Risk (Telepon & Diskon Maksimal),1,14,74.95,1036.75,True,False,False,True,False,True,True,False,False,False,False,False,False,False,False,False,False,False,False,False,False,False,True,False,True,False
0004-TLHLJ,0.8505709730754688,1,Tier 1 - High Risk (Telepon & Diskon Maksimal),0,4,73.9,280.85,True,False,False,True,False,False,True,False,False,False,False,False,False,True,False,False,False,False,False,False,False,False,True,False,True,False
9643-AVVWI,0.7359831269598692,0,Tier 1 - High Risk (Telepon & Diskon Maksimal),0,3,80.0,241.3,False,True,True,True,False,False,True,False,False,False,False,True,False,False,False,True,False,False,False,False,False,False,True,False,True,False
5281-BUZGT,0.7351027839545301,1,Tier 1 - High Risk (Telepon & Diskon Maksimal),1,36,90.85,3186.7,True,False,False,True,False,True,True,False,False,True,False,False,False,False,False,False,False,True,False,False,False,False,True,False,True,False
8699-ASUFO,0.8507442734989723,1,Tier 1 - High Risk (Telepon & Diskon Maksimal),1,7,74.4,527.9,True,True,False,True,False,True,True,False,False,False,False,False,False,False,False,False,False,False,False,False,False,False,True,False,False,True
7404-JLKQG,0.7084941732160447,0,Tier 1 - High Risk (Telepon & Diskon Maksimal),0,3,57.55,161.45,False,False,False,True,False,False,False,False,False,False,False,False,False,True,False,False,False,True,False,False,False,False,False,False,True,False
8993-PHFWD,0.7566263218944147,1,Tier 1 - High Risk (Telepon & Diskon Maksimal),0,3,25.25,58.9,False,False,False,False,True,False,False,False,False,False,False,False,False,False,False,False,False,False,False,False,False,False,False,False,True,False
1965-DDBWU,0.7665378700275554,1,Tier 1 - High Risk (Telepon & Diskon Maksimal),0,16,89.05,1448.6,True,False,False,True,False,True,True,False,False,False,False,False,False,False,False,True,False,False,False,True,False,False,True,True,False,False
8378-LKJAF,0.7181295639372411,0,Tier 1 - High Risk (Telepon & Diskon Maksimal),0,38,101.15,3956.7,True,True,True,True,False,True,True,False,False,False,False,False,False,True,False,False,False,True,False,True,False,False,True,True,False,False
6542-LWGXJ,0.700168044596531,0,Tier 1 - High Risk (Telepon & Diskon Maksimal),0,3,25.0,78.25,True,True,False,False,True,False,False,False,False,False,False,False,False,False,False,False,False,False,False,False,False,False,False,False,False,True
5167-ZFFMM,0.8498175504096912,1,Tier 1 - High Risk (Telepon & Diskon Maksimal),0,1,90.85,90.85,True,False,False,True,False,True,True,False,False,False,False,True,False,False,False,False,False,False,False,True,False,False,True,True,False,False
6608-QQLVK,0.7327173059600159,1,Tier 1 - High Risk (Telepon & Diskon Maksimal),0,1,50.5,50.5,True,False,False,True,False,False,False,False,False,False,False,False,False,True,False,False,False,False,False,False,False,False,True,False,True,False
1475-VWVDO,0.8332138734762176,0,Tier 1 - High Risk (Telepon & Diskon Maksimal),0,7,74.9,490.55,True,False,False,True,False,False,True,False,False,False,False,False,False,True,False,False,False,False,False,False,False,False,True,False,True,False
3721-CNEYS,0.8518818994587021,1,Tier 1 - High Risk (Telepon & Diskon Maksimal),0,2,70.95,137.95,False,False,False,True,False,False,True,False,False,False,False,False,False,False,False,False,False,False,False,False,False,False,True,False,True,False
6704-UTUKK,0.7315676094848886,0,Tier 1 - High Risk (Telepon & Diskon Maksimal),0,29,45.9,1332.4,True,True,False,False,True,False,False,False,False,False,False,False,False,False,False,False,False,True,False,True,False,False,True,False,True,False
9944-AEXBM,0.7312294945323665,0,Tier 1 - High Risk (Telepon & Diskon Maksimal),0,32,85.65,2664.3,True,False,False,True,False,True,True,False,False,False,False,False,False,False,False,False,False,False,False,True,False,False,True,False,False,False
2545-EBUPK,0.9208730273335105,0,Tier 1 - High Risk (Telepon & Diskon Maksimal),1,2,84.05,186.05,False,False,False,True,False,True,True,False,False,False,False,False,False,False,False,False,False,False,False,True,False,False,True,False,True,False
6077-BDPXA,0.8509489403457188,0,Tier 1 - High Risk (Telepon & Diskon Maksimal),0,3,70.15,194.2,False,False,False,True,False,False,True,False,False,False,False,False,False,False,False,False,False,False,False,False,False,False,True,False,True,False
6137-NICCO,0.799904035330633,0,Tier 1 - High Risk (Telepon & Diskon Maksimal),0,6,94.05,518.75,False,True,True,True,False,True,True,False,False,False,False,True,False,True,False,False,False,True,False,False,False,False,True,False,False,True
8080-DDEMJ,0.7087206677270247,1,Tier 1 - High Risk (Telepon & Diskon Maksimal),1,1,45.1,45.1,True,False,False,True,False,False,False,False,False,False,False,False,False,False,False,False,False,False,False,False,False,False,False,False,True,False
3312-UUMZW,0.7747748275401015,0,Tier 1 - High Risk (Telepon & Diskon Maksimal),0,32,98.85,3145.9,True,True,False,True,False,True,True,False,False,False,False,True,False,False,False,False,False,True,False,True,False,False,True,True,False,False
6376-GAHQE,0.8467760306377119,1,Tier 1 - High Risk (Telepon & Diskon Maksimal),0,4,77.85,299.2,True,False,False,True,False,False,True,False,False,False,False,False,False,False,False,False,False,True,False,False,False,False,False,False,True,False
1853-UDXBW,0.8370048718873087,1,Tier 1 - High Risk (Telepon & Diskon Maksimal),0,1,70.0,70.0,True,True,True,True,False,False,True,False,False,False,False,False,False,False,False,False,False,False,False,False,False,False,True,False,True,False
1035-IPQPU,0.727147055129109,0,Tier 1 - High Risk (Telepon & Diskon Maksimal),1,63,103.5,6479.4,False,True,False,True,False,True,True,False,False,False,False,True,False,True,False,False,False,True,False,True,False,False,True,False,True,False
2057-ZBLPD,0.8441831993643076,1,Tier 1 - High Risk (Telepon & Diskon Maksimal),0,21,86.5,1808.7,False,True,False,True,False,True,True,False,False,False,False,False,False,False,False,False,False,False,False,True,False,False,True,False,True,False
2439-LYPMQ,0.8437855710840876,0,Tier 1 - High Risk (Telepon & Diskon Maksimal),1,38,102.6,4009.2,True,True,False,True,False,True,True,False,False,False,False,True,False,True,False,False,False,True,False,True,False,False,True,False,True,False
6543-XRMYR,0.8539492698835849,1,Tier 1 - High Risk (Telepon & Diskon Maksimal),1,30,99.7,2967.35,False,False,False,True,False,True,True,False,False,False,False,True,False,False,False,False,False,True,False,True,False,False,True,False,True,False
9450-TRJUU,0.7358672606381146,0,Tier 1 - High Risk (Telepon & Diskon Maksimal),0,35,83.15,2848.45,True,False,False,True,False,True,True,False,False,False,False,False,False,False,False,False,False,True,False,False,False,False,False,False,True,False
7855-DIWPO,0.7732164583775596,0,Tier 1 - High Risk (Telepon & Diskon Maksimal),0,21,68.65,1493.2,False,False,False,True,False,False,True,False,False,False,False,False,False,False,False,False,False,False,False,False,False,False,True,False,True,False
9507-EXLTT,0.8418387643181247,1,Tier 1 - High Risk (Telepon & Diskon Maksimal),0,1,79.35,79.35,False,True,False,True,False,False,True,False,False,False,False,False,False,False,False,False,False,True,False,False,False,False,True,False,False,False
6856-RAURS,0.8417522695553094,0,Tier 1 - High Risk (Telepon & Diskon Maksimal),0,2,74.9,136.05,False,False,False,True,False,True,True,False,False,False,False,False,False,False,False,False,False,False,False,False,False,False,True,False,False,True
2203-GHNWN,0.7307732061628956,0,Tier 1 - High Risk (Telepon & Diskon Maksimal),0,24,79.65,1928.7,False,True,False,True,False,True,True,False,False,False,False,False,False,True,False,False,False,False,False,False,False,False,True,False,False,True
3006-XIMLN,0.8681985640110694,1,Tier 1 - High Risk (Telepon & Diskon Maksimal),0,2,94.2,193.8,False,False,True,True,False,True,True,False,False,False,False,False,False,False,False,False,False,True,False,True,False,False,True,False,False,False
3750-CKVKH,0.8684561624304612,1,Tier 1 - High Risk (Telepon & Diskon Maksimal),0,2,67.75,116.65,True,False,False,True,False,False,True,False,False,False,False,False,False,False,False,False,False,False,False,False,False,False,True,False,True,False
0576-WNXXC,0.8267990598746346,1,Tier 1 - High Risk (Telepon & Diskon Maksimal),1,27,95.55,2510.2,True,True,False,True,False,True,True,False,False,False,False,True,False,True,False,False,False,False,False,True,False,False,True,False,True,False
7056-IMHCC,0.7711693848514335,1,Tier 1 - High Risk (Telepon & Diskon Maksimal),1,53,101.9,5549.4,True,True,False,True,False,True,True,False,False,False,False,True,False,False,False,False,False,True,False,True,False,False,True,False,True,False
1628-BIZYP,0.8729265021050953,0,Tier 1 - High Risk (Telepon & Diskon Maksimal),0,1,85.0,85.0,True,False,False,True,False,False,True,False,False,False,False,True,False,False,False,False,False,False,False,True,False,False,True,False,True,False
1980-KXVPM,0.8514902312227519,1,Tier 1 - High Risk (Telepon & Diskon Maksimal),1,3,75.05,256.25,False,False,False,True,False,True,True,False,False,False,False,False,False,False,False,False,False,False,False,False,False,False,True,True,False,False
6705-LXORM,0.8190878734803658,0,Tier 1 - High Risk (Telepon & Diskon Maksimal),1,5,70.05,302.6,False,True,False,True,False,False,True,False,False,False,False,False,False,False,False,False,False,False,False,False,False,False,False,False,True,False
7130-VTEWQ,0.8768261518854433,1,Tier 1 - High Risk (Telepon & Diskon Maksimal),1,8,75.75,606.25,False,False,False,True,False,True,True,False,False,False,False,False,False,False,False,False,False,False,False,False,False,False,True,False,True,False
2761-OCIAX,0.8605501941001078,1,Tier 1 - High Risk (Telepon & Diskon Maksimal),1,2,74.7,165.4,True,False,False,True,False,False,True,False,False,False,False,True,False,False,False,False,False,False,False,False,False,False,True,False,True,False
4248-QPAVC,0.7068815923131213,1,Tier 1 - High Risk (Telepon & Diskon Maksimal),1,17,85.35,1463.45,False,True,False,True,False,True,True,False,False,True,False,False,False,True,False,False,False,False,False,False,False,False,True,False,False,False
5480-HPRRX,0.7841234734482805,1,Tier 1 - High Risk (Telepon & Diskon Maksimal),1,3,25.3,77.75,False,False,False,False,True,False,False,False,False,False,False,False,False,False,False,False,False,False,False,False,False,False,False,False,True,False
9576-SYUHJ,0.7004726753137235,0,Tier 1 - High Risk (Telepon & Diskon Maksimal),0,37,91.15,3369.25,True,False,False,True,False,True,True,False,False,True,False,False,False,False,False,False,False,True,False,False,False,False,True,False,True,False
9334-GWGOW,0.8873705418586129,0,Tier 1 - High Risk (Telepon & Diskon Maksimal),1,7,74.85,485.25,True,True,False,True,False,True,True,False,False,False,False,False,False,False,False,False,False,False,False,False,False,False,True,False,True,False
0581-BXBUB,0.8113219217968872,0,Tier 1 - High Risk (Telepon & Diskon Maksimal),1,4,72.75,317.75,False,False,False,True,False,False,True,False,False,False,False,True,False,False,False,False,False,False,False,False,False,False,False,False,True,False
7851-FLGGQ,0.7279938610414967,1,Tier 1 - High Risk (Telepon & Diskon Maksimal),0,1,44.65,44.65,True,False,False,False,True,False,False,False,False,False,False,True,False,False,False,True,False,False,False,True,False,False,True,False,False,True
8752-STIVR,0.8779940418621435,1,Tier 1 - High Risk (Telepon & Diskon Maksimal),0,4,79.0,303.15,False,False,False,True,False,False,True,False,False,False,False,False,False,False,False,False,False,True,False,False,False,False,True,False,True,False
2187-PKZAY,0.7993377370374382,0,Tier 1 - High Risk (Telepon & Diskon Maksimal),0,12,79.95,1043.4,True,False,False,True,False,False,True,False,False,False,False,False,False,False,False,False,False,False,False,True,False,False,True,False,False,False
8161-QYMTT,0.9185521013617883,0,Tier 1 - High Risk (Telepon & Diskon Maksimal),0,7,94.1,701.3,True,False,False,True,False,True,True,False,False,False,False,False,False,False,False,False,False,True,False,True,False,False,True,False,True,False
6834-NXDCA,0.749619076510305,1,Tier 1 - High Risk (Telepon & Diskon Maksimal),0,13,23.9,300.8,False,False,False,False,True,False,False,False,False,False,False,False,False,False,False,False,False,False,False,False,False,False,True,False,True,False
0581-MDMPW,0.7685392480187538,0,Tier 1 - High Risk (Telepon & Diskon Maksimal),0,24,88.95,2072.75,False,False,False,True,False,True,True,False,False,False,False,False,False,True,False,False,False,True,False,False,False,False,True,True,False,False
6899-PPEEA,0.841438005924286,1,Tier 1 - High Risk (Telepon & Diskon Maksimal),1,37,96.55,3580.3,False,False,False,True,False,True,True,False,False,False,False,False,False,False,False,False,False,True,False,True,False,False,True,False,True,False
9278-VZKCD,0.7053024865157107,0,Tier 1 - High Risk (Telepon & Diskon Maksimal),1,52,109.1,5647.95,False,True,False,True,False,True,True,False,False,True,False,True,False,True,False,False,False,True,False,True,False,False,True,False,True,False
6557-BZXLQ,0.7650699437722943,0,Tier 1 - High Risk (Telepon & Diskon Maksimal),1,16,69.65,1043.3,True,False,False,True,False,False,True,False,False,False,False,False,False,False,False,False,False,False,False,False,False,False,False,False,True,False
7249-WBIYX,0.8839350669580783,1,Tier 1 - High Risk (Telepon & Diskon Maksimal),0,10,85.6,813.85,True,True,False,True,False,True,True,False,False,False,False,False,False,False,False,False,False,True,False,False,False,False,True,False,True,False
8739-WWKDU,0.8365012319468755,1,Tier 1 - High Risk (Telepon & Diskon Maksimal),1,25,89.5,2196.15,True,False,False,True,False,True,True,False,False,False,False,True,False,False,False,False,False,True,False,False,False,False,True,False,True,False
2077-MPJQO,0.8865087726402779,0,Tier 1 - High Risk (Telepon & Diskon Maksimal),1,7,75.4,533.05,True,True,False,True,False,True,True,False,False,False,False,False,False,False,False,False,False,False,False,False,False,False,True,False,True,False
7181-OQCUT,0.7192642294516856,0,Tier 1 - High Risk (Telepon & Diskon Maksimal),0,21,103.85,2215.0,True,False,False,True,False,True,True,False,False,True,False,False,False,True,False,False,False,True,False,True,False,False,False,False,False,True
2845-HSJCY,0.8543570587395516,1,Tier 1 - High Risk (Telepon & Diskon Maksimal),0,14,87.25,1258.6,False,True,True,True,False,True,True,False,False,False,False,False,False,True,False,False,False,False,False,True,False,False,True,False,True,False
6680-WKXRZ,0.7811495624949596,1,Tier 1 - High Risk (Telepon & Diskon Maksimal),0,3,74.4,215.8,False,False,False,True,False,True,True,False,False,False,False,False,False,False,False,False,False,False,False,False,False,False,False,False,False,False
4512-ZUIYL,0.7409034003364392,1,Tier 1 - High Risk (Telepon & Diskon Maksimal),0,2,70.0,153.05,False,False,False,True,False,False,True,False,False,False,False,False,False,False,False,False,False,False,False,False,False,False,False,False,False,False
4806-KEXQR,0.8813209025058888,1,Tier 1 - High Risk (Telepon & Diskon Maksimal),0,4,79.9,324.3,True,False,False,True,False,False,True,False,False,False,False,False,False,False,False,False,False,False,False,True,False,False,True,False,True,False
4647-MUZON,0.796883433776184,0,Tier 1 - High Risk (Telepon & Diskon Maksimal),0,18,95.95,1745.5,False,True,False,True,False,False,True,False,False,False,False,False,False,True,False,False,False,True,False,True,False,False,True,True,False,False
8212-DJRCH,0.7174413961863105,0,Tier 1 - High Risk (Telepon & Diskon Maksimal),0,5,90.35,434.5,True,True,True,True,False,False,True,False,False,True,False,False,False,True,False,False,False,False,False,True,False,False,True,False,False,True
5501-TVMGM,0.7873590603159161,0,Tier 1 - High Risk (Telepon & Diskon Maksimal),0,1,55.25,55.25,True,False,False,True,False,False,False,False,False,False,False,False,False,False,False,False,False,False,False,True,False,False,True,False,True,False
3422-LYEPQ,0.8322746091217089,1,Tier 1 - High Risk (Telepon & Diskon Maksimal),0,1,71.0,71.0,True,True,True,True,False,False,True,False,False,False,False,False,False,False,False,False,False,False,False,False,False,False,True,False,True,False
8361-LTMKD,0.8622313980157369,1,Tier 1 - High Risk (Telepon & Diskon Maksimal),1,4,74.4,306.6,True,True,False,True,False,True,True,False,False,False,False,False,False,False,False,False,False,False,False,False,False,False,True,False,False,True
5178-LMXOP,0.9376344933708227,1,Tier 1 - High Risk (Telepon & Diskon Maksimal),1,1,95.1,95.1,True,True,False,True,False,True,True,False,False,False,False,False,False,False,False,False,False,True,False,True,False,False,True,False,True,False
3320-VEOYC,0.9103759219584706,0,Tier 1 - High Risk (Telepon & Diskon Maksimal),1,14,95.6,1273.3,True,False,False,True,False,True,True,False,False,False,False,False,False,False,False,False,False,True,False,True,False,False,True,False,True,False
3672-YITQD,0.8195775987098061,1,Tier 1 - High Risk (Telepon & Diskon Maksimal),1,36,84.1,3021.6,True,True,False,True,False,True,True,False,False,False,False,False,False,False,False,False,False,False,False,True,False,False,True,False,True,False
0958-YHXGP,0.7823267293160932,0,Tier 1 - High Risk (Telepon & Diskon Maksimal),0,7,69.9,497.3,False,False,False,True,False,False,True,False,False,False,False,False,False,False,False,False,False,False,False,False,False,False,True,False,False,True
1436-ZMJAN,0.7003366777358987,0,Tier 1 - High Risk (Telepon & Diskon Maksimal),0,10,67.8,653.15,False,True,False,True,False,False,False,False,False,False,False,False,False,True,False,False,False,True,False,True,False,False,True,True,False,False
1069-XAIEM,0.9201972361294823,1,Tier 1 - High Risk (Telepon & Diskon Maksimal),1,1,85.05,85.05,False,False,False,True,False,True,True,False,False,False,False,False,False,False,False,False,False,False,False,True,False,False,True,False,True,False
3707-GNWHM,0.8531715128588556,1,Tier 1 - High Risk (Telepon & Diskon Maksimal),0,1,74.25,74.25,True,False,False,True,False,True,True,False,False,False,False,False,False,False,False,False,False,False,False,False,False,False,True,False,False,True
5159-YFPKQ,0.8467909621589588,1,Tier 1 - High Risk (Telepon & Diskon Maksimal),0,2,75.8,160.75,False,False,False,True,False,False,True,False,False,False,False,False,False,True,False,False,False,False,False,False,False,False,True,False,True,False
5052-PNLOS,0.8667611646156321,1,Tier 1 - High Risk (Telepon & Diskon Maksimal),0,3,105.35,323.25,True,False,False,True,False,True,True,False,False,False,False,True,False,True,False,False,False,True,False,True,False,False,True,False,False,False
6661-HBGWL,0.7393774298865055,1,Tier 1 - High Risk (Telepon & Diskon Maksimal),1,42,104.75,4323.45,False,False,False,True,False,True,True,False,False,False,False,True,False,True,False,False,False,True,False,True,False,False,True,False,False,False
7354-OIJLX,0.8601760643041892,0,Tier 1 - High Risk (Telepon & Diskon Maksimal),0,9,75.85,724.65,True,False,False,True,False,True,True,False,False,False,False,False,False,False,False,False,False,False,False,False,False,False,True,False,True,False
5698-BQJOH,0.8791881333334517,1,Tier 1 - High Risk (Telepon & Diskon Maksimal),0,9,94.4,857.25,False,False,False,True,False,True,True,False,False,False,False,False,False,False,False,False,False,True,False,True,False,False,False,False,True,False
7218-HKQFK,0.8770336778741696,1,Tier 1 - High Risk (Telepon & Diskon Maksimal),0,2,94.2,167.5,True,True,False,True,False,False,True,False,False,False,False,False,False,False,False,True,False,True,False,True,False,False,True,False,True,False
2309-OSFEU,0.7617632446353765,1,Tier 1 - High Risk (Telepon & Diskon Maksimal),0,10,33.9,298.45,True,False,False,False,True,False,False,False,False,False,False,False,False,False,False,False,False,False,False,True,False,False,True,False,False,True
1400-MMYXY,0.9188209052041205,1,Tier 1 - High Risk (Telepon & Diskon Maksimal),1,3,105.9,334.65,True,True,False,True,False,True,True,False,False,False,False,True,False,True,False,False,False,True,False,True,False,False,True,False,True,False
7503-QQRVF,0.732999035603664,1,Tier 1 - High Risk (Telepon & Diskon Maksimal),1,16,74.3,1178.25,True,True,False,True,False,False,True,False,False,False,False,True,False,False,False,False,False,False,False,False,False,False,True,True,False,False
9576-ANLXO,0.797230677412603,1,Tier 1 - High Risk (Telepon & Diskon Maksimal),0,3,69.55,222.3,False,False,False,True,False,False,True,False,False,False,False,False,False,False,False,False,False,False,False,False,False,False,True,False,False,False
8696-JKZNU,0.7431698218300893,1,Tier 1 - High Risk (Telepon & Diskon Maksimal),1,37,76.25,2841.55,False,False,False,True,False,True,True,False,False,False,False,False,False,False,False,False,False,False,False,False,False,False,True,False,True,False
2955-BJZHG,0.7351993740148396,1,Tier 1 - High Risk (Telepon & Diskon Maksimal),0,17,80.85,1400.85,True,True,True,True,False,False,True,False,False,False,False,False,False,False,False,False,False,True,False,False,False,False,False,False,True,False
9048-JVYVF,0.7564244479132836,1,Tier 1 - High Risk (Telepon & Diskon Maksimal),0,3,69.35,191.35,True,False,False,True,False,False,False,False,False,False,False,False,False,False,False,True,False,True,False,True,False,False,True,False,True,False
0682-USIXD,0.7483175485218185,0,Tier 1 - High Risk (Telepon & Diskon Maksimal),0,21,86.05,1818.9,False,True,False,True,False,False,True,False,False,False,False,False,False,False,False,True,False,True,False,False,False,False,True,False,True,False
9050-QLROH,0.7985816809453368,1,Tier 1 - High Risk (Telepon & Diskon Maksimal),0,18,90.7,1597.25,True,False,False,True,False,True,True,False,False,False,False,False,False,True,False,False,False,False,False,True,False,False,True,True,False,False
9512-UIBFX,0.7156711013702219,1,Tier 1 - High Risk (Telepon & Diskon Maksimal),0,18,95.15,1779.95,True,True,True,True,False,False,True,False,False,False,False,False,False,True,False,False,False,True,False,True,False,False,False,False,False,True
8676-TRMJS,0.7914536980308333,1,Tier 1 - High Risk (Telepon & Diskon Maksimal),0,3,75.0,209.1,True,False,False,True,False,True,True,False,False,False,False,False,False,False,False,False,False,False,False,False,False,False,False,False,False,True
3334-CTHOL,0.7067838467696237,1,Tier 1 - High Risk (Telepon & Diskon Maksimal),0,1,49.95,49.95,False,False,False,True,False,True,False,False,False,False,False,False,False,False,False,False,False,False,False,False,False,False,True,False,False,False
6331-LWDTQ,0.7366941199200823,1,Tier 1 - High Risk (Telepon & Diskon Maksimal),0,10,72.15,794.25,True,False,False,True,False,True,False,False,False,False,False,False,False,False,False,False,False,True,False,True,False,False,True,True,False,False
8621-MNIHH,0.8020347983525637,1,Tier 1 - High Risk (Telepon & Diskon Maksimal),1,34,94.25,3217.55,False,True,False,True,False,True,True,False,False,False,False,True,False,True,False,False,False,False,False,True,False,False,True,False,True,False
8884-ADFVN,0.9201986407953293,1,Tier 1 - High Risk (Telepon & Diskon Maksimal),1,7,101.95,700.85,True,True,False,True,False,True,True,False,False,False,False,False,False,True,False,False,False,True,False,True,False,False,True,False,True,False
9279-CJEOJ,0.8489141028954686,0,Tier 1 - High Risk (Telepon & Diskon Maksimal),1,21,95.4,2025.1,False,False,False,True,False,True,True,False,False,False,False,False,False,False,False,False,False,True,False,True,False,False,True,False,False,False
2985-FMWYF,0.8821080384884458,0,Tier 1 - High Risk (Telepon & Diskon Maksimal),0,23,93.5,2341.55,False,False,False,True,False,True,True,False,False,False,False,False,False,False,False,False,False,True,False,True,False,False,True,False,True,False
6861-XWTWQ,0.926252052000609,1,Tier 1 - High Risk (Telepon & Diskon Maksimal),1,7,99.25,665.45,True,True,False,True,False,True,True,False,False,False,False,False,False,True,False,False,False,True,False,True,False,False,True,False,True,False
0841-NULXI,0.8607453111317132,1,Tier 1 - High Risk (Telepon & Diskon Maksimal),0,1,35.55,35.55,True,False,False,False,True,False,False,False,False,False,False,False,False,False,False,False,False,False,False,True,False,False,True,False,True,False
8785-CJSHH,0.7040000287945926,0,Tier 1 - High Risk (Telepon & Diskon Maksimal),0,60,99.8,5985.75,False,True,False,True,False,True,True,False,False,False,False,True,False,False,False,False,False,True,False,True,False,False,True,False,True,False
3587-PMCOY,0.7163827017304671,0,Tier 1 - High Risk (Telepon & Diskon Maksimal),0,10,98.9,1064.95,True,False,False,True,False,False,True,False,False,True,False,False,False,True,False,False,False,True,False,True,True,False,True,False,True,False
0655-RBDUG,0.8820405787194803,1,Tier 1 - High Risk (Telepon & Diskon Maksimal),0,7,98.05,713.0,True,False,False,True,False,True,True,False,False,False,False,False,False,True,False,False,False,True,False,True,False,False,True,False,False,False
5650-YLIBA,0.7350341664129955,0,Tier 1 - High Risk (Telepon & Diskon Maksimal),0,31,81.15,2640.55,True,False,False,True,False,True,True,False,False,False,False,True,False,False,False,False,False,False,False,False,False,False,True,False,True,False
5144-TVGLP,0.8016775636955505,0,Tier 1 - High Risk (Telepon & Diskon Maksimal),1,38,94.75,3653.0,True,False,False,True,False,True,True,False,False,False,False,False,False,False,False,False,False,True,False,True,False,False,False,False,True,False
2865-TCHJW,0.9100215564955226,1,Tier 1 - High Risk (Telepon & Diskon Maksimal),1,4,89.2,346.2,False,False,False,True,False,True,True,False,False,False,False,False,False,True,False,False,False,True,False,False,False,False,True,False,True,False
7279-BUYWN,0.7359188761918518,1,Tier 1 - High Risk (Telepon & Diskon Maksimal),1,41,113.2,4689.5,False,False,False,True,False,True,True,False,False,True,False,True,False,True,False,False,False,True,False,True,False,False,True,False,True,False
4706-DGAHW,0.7080125994785614,0,Tier 1 - High Risk (Telepon & Diskon Maksimal),1,1,45.2,45.2,True,False,False,True,False,False,False,False,False,False,False,False,False,False,False,False,False,False,False,False,False,False,False,False,True,False
7198-GLXTC,0.8494713630413682,1,Tier 1 - High Risk (Telepon & Diskon Maksimal),0,2,79.0,143.65,True,False,False,True,False,False,True,False,False,False,False,False,False,False,False,False,False,True,False,False,False,False,False,False,True,False
5382-SOYZL,0.8805740599127092,0,Tier 1 - High Risk (Telepon & Diskon Maksimal),0,22,95.1,2162.6,True,False,False,True,False,True,True,False,False,False,False,False,False,False,False,False,False,True,False,True,False,False,True,False,True,False
1989-PRJHP,0.8028108485360106,1,Tier 1 - High Risk (Telepon & Diskon Maksimal),1,27,75.5,1893.95,True,True,False,True,False,True,True,False,False,False,False,False,False,False,False,False,False,False,False,False,False,False,True,False,True,False
4154-AQUGT,0.7393004954451693,1,Tier 1 - High Risk (Telepon & Diskon Maksimal),1,13,89.05,1169.35,True,True,False,True,False,False,True,False,False,False,False,True,False,False,False,True,False,False,False,True,False,False,True,False,False,False
0295-PPHDO,0.9260696529306244,1,Tier 1 - High Risk (Telepon & Diskon Maksimal),0,1,95.45,95.45,True,False,False,True,False,True,True,False,False,False,False,False,False,False,False,False,False,True,False,True,False,False,True,False,True,False
8775-ERLNB,0.874567945226079,0,Tier 1 - High Risk (Telepon & Diskon Maksimal),1,1,74.3,74.3,True,True,False,True,False,True,True,False,False,False,False,False,False,False,False,False,False,False,False,False,False,False,False,False,True,False
0376-YMCJC,0.7836829236715324,1,Tier 1 - High Risk (Telepon & Diskon Maksimal),0,23,90.6,1943.2,True,False,False,True,False,True,True,False,False,False,False,False,False,False,False,True,False,True,False,False,False,False,True,False,True,False
7410-YTJIK,0.7606513668977125,1,Tier 1 - High Risk (Telepon & Diskon Maksimal),0,7,75.45,480.75,False,False,False,True,False,True,True,False,False,False,False,False,False,False,False,False,False,False,False,False,False,False,False,False,False,True
9927-DSWDF,0.7015932013293307,0,Tier 1 - High Risk (Telepon & Diskon Maksimal),0,22,104.6,2180.55,True,True,False,True,False,False,True,False,False,True,False,True,False,False,False,True,False,True,False,True,False,False,True,False,True,False
9692-TUSXH,0.7974089239027249,1,Tier 1 - High Risk (Telepon & Diskon Maksimal),0,18,96.05,1740.7,False,False,False,True,False,False,True,False,False,True,False,False,False,False,False,False,False,True,False,True,False,False,True,False,True,False
0390-DCFDQ,0.8349669862036232,1,Tier 1 - High Risk (Telepon & Diskon Maksimal),1,1,70.45,70.45,False,True,False,True,False,False,True,False,False,False,False,False,False,False,False,False,False,False,False,False,False,False,True,False,False,True
3094-JOJAI,0.713212987873314,0,Tier 1 - High Risk (Telepon & Diskon Maksimal),0,18,74.15,1387.0,True,False,False,True,False,True,True,False,False,False,False,False,False,False,False,False,False,False,False,False,False,False,False,False,False,True
4873-ILOLJ,0.8424804545404101,1,Tier 1 - High Risk (Telepon & Diskon Maksimal),0,24,90.35,2238.5,True,False,False,True,False,False,True,False,False,False,False,False,False,False,False,False,False,True,False,True,False,False,True,False,True,False
6729-GDNGC,0.7033030570202896,0,Tier 1 - High Risk (Telepon & Diskon Maksimal),1,20,80.7,1614.2,False,False,False,True,False,False,True,False,False,False,False,False,False,False,False,False,False,True,False,False,False,False,False,False,False,False
6338-AVWCY,0.7920794053833434,1,Tier 1 - High Risk (Telepon & Diskon Maksimal),0,3,40.15,130.75,True,False,False,False,True,False,False,False,False,False,False,False,False,True,False,False,False,True,False,False,False,False,True,False,False,True
9804-ICWBG,0.8641563926257759,1,Tier 1 - High Risk (Telepon & Diskon Maksimal),0,1,69.9,69.9,True,False,False,True,False,False,True,False,False,False,False,False,False,False,False,False,False,False,False,False,False,False,True,False,True,False
3063-QFSZL,0.7810422436011205,1,Tier 1 - High Risk (Telepon & Diskon Maksimal),0,1,55.4,55.4,False,False,False,True,False,False,False,False,False,False,False,False,False,False,False,False,False,False,False,True,False,False,True,False,True,False
2609-IAICY,0.8783181456630154,1,Tier 1 - High Risk (Telepon & Diskon Maksimal),0,1,77.15,77.15,False,False,False,True,False,True,True,False,False,False,False,False,False,False,False,False,False,False,False,False,False,False,True,False,True,False
0923-PNFUB,0.8202663545305137,1,Tier 1 - High Risk (Telepon & Diskon Maksimal),0,3,83.75,247.25,False,False,False,True,False,False,True,False,False,False,False,True,False,False,False,False,False,True,False,False,False,False,False,False,True,False
5628-FCGYG,0.8546919930579314,0,Tier 1 - High Risk (Telepon & Diskon Maksimal),0,21,84.1,1737.45,True,False,False,True,False,True,True,False,False,False,False,False,False,False,False,False,False,False,False,True,False,False,True,False,True,False
0506-LVNGN,0.7974650837616127,1,Tier 1 - High Risk (Telepon & Diskon Maksimal),1,5,75.55,349.65,False,False,False,True,False,False,True,False,False,False,False,False,False,True,False,False,False,False,False,False,False,False,True,True,False,False
4342-HENTK,0.8714635753797347,1,Tier 1 - High Risk (Telepon & Diskon Maksimal),1,2,70.65,142.35,False,False,False,True,False,False,True,False,False,False,False,False,False,False,False,False,False,False,False,False,False,False,True,False,True,False
4090-KPJIP,0.879476661889365,0,Tier 1 - High Risk (Telepon & Diskon Maksimal),0,3,74.95,212.4,False,False,False,True,False,True,True,False,False,False,False,False,False,False,False,False,False,False,False,False,False,False,True,False,True,False
2737-YNGYW,0.8428097083857438,1,Tier 1 - High Risk (Telepon & Diskon Maksimal),0,2,80.55,184.1,False,False,False,True,False,False,True,False,False,False,False,False,False,False,False,False,False,False,False,True,False,False,False,False,True,False
6047-YHPVI,0.8483926378451555,1,Tier 1 - High Risk (Telepon & Diskon Maksimal),0,5,69.7,316.9,True,False,False,True,False,False,True,False,False,False,False,False,False,False,False,False,False,False,False,False,False,False,True,False,True,False
8375-DKEBR,0.8788479215554266,1,Tier 1 - High Risk (Telepon & Diskon Maksimal),1,1,69.6,69.6,False,False,False,True,False,False,True,False,False,False,False,False,False,False,False,False,False,False,False,False,False,False,True,False,True,False
9227-LUNBG,0.7761909082372168,1,Tier 1 - High Risk (Telepon & Diskon Maksimal),0,1,24.6,24.6,False,False,False,False,True,False,False,False,False,False,False,False,False,False,False,False,False,False,False,False,False,False,False,False,True,False
8541-QVFKM,0.8690667429524197,0,Tier 1 - High Risk (Telepon & Diskon Maksimal),0,8,73.5,632.2,False,False,False,True,False,True,True,False,False,False,False,False,False,False,False,False,False,False,False,False,False,False,True,False,True,False
2495-INZWQ,0.8765260753620984,1,Tier 1 - High Risk (Telepon & Diskon Maksimal),0,4,44.55,174.3,True,False,False,False,True,False,False,False,False,False,False,False,False,False,False,False,False,True,False,True,False,False,True,False,True,False
1452-KIOVK,0.7216210847500542,0,Tier 1 - High Risk (Telepon & Diskon Maksimal),0,22,89.1,1949.4,True,False,True,True,False,True,True,False,False,False,False,True,False,False,False,False,False,True,False,False,False,False,True,True,False,False
8914-RBTSB,0.7371815655001281,1,Tier 1 - High Risk (Telepon & Diskon Maksimal),0,31,93.8,3019.5,True,True,False,True,False,True,True,False,False,False,False,True,False,True,False,False,False,True,False,False,False,False,False,False,True,False
6651-AZVTJ,0.743077433799107,1,Tier 1 - High Risk (Telepon & Diskon Maksimal),0,49,99.8,4872.45,True,True,True,True,False,True,True,False,False,False,False,False,False,True,False,False,False,True,False,True,False,False,True,False,True,False
6821-BUXUX,0.7870305276509132,1,Tier 1 - High Risk (Telepon & Diskon Maksimal),0,13,96.65,1244.5,False,False,False,True,False,True,True,False,False,True,False,True,False,False,False,False,False,True,False,False,False,False,True,False,True,False
7861-UVUFT,0.8361513622133612,1,Tier 1 - High Risk (Telepon & Diskon Maksimal),0,15,84.3,1308.4,False,True,False,True,False,False,True,False,False,False,False,False,False,True,False,False,False,True,False,False,False,False,True,False,True,False
3877-JRJIP,0.8224087825505337,1,Tier 1 - High Risk (Telepon & Diskon Maksimal),0,1,59.85,59.85,True,False,False,True,False,True,False,False,False,False,False,False,False,False,False,False,False,True,False,False,False,False,True,False,True,False
5228-EXCET,0.8450362201996262,1,Tier 1 - High Risk (Telepon & Diskon Maksimal),0,13,80.85,1008.7,True,False,False,True,False,False,True,False,False,False,False,False,False,False,False,False,False,False,False,True,False,False,True,False,True,False
7912-SYRQT,0.8127130830127545,1,Tier 1 - High Risk (Telepon & Diskon Maksimal),0,7,75.1,552.95,False,False,False,True,False,True,True,False,False,False,False,False,False,False,False,False,False,False,False,False,False,False,True,False,False,False
5889-JTMUL,0.7218557513627246,1,Tier 1 - High Risk (Telepon & Diskon Maksimal),1,50,95.05,4888.7,False,True,False,True,False,True,True,False,False,False,False,True,False,True,False,False,False,True,False,False,False,False,True,False,True,False
6630-UJZMY,0.9172532825084114,0,Tier 1 - High Risk (Telepon & Diskon Maksimal),1,4,83.25,308.05,False,True,False,True,False,True,True,False,False,False,False,False,False,False,False,False,False,True,False,False,False,False,True,False,True,False
3244-DCJWY,0.8588856810004166,1,Tier 1 - High Risk (Telepon & Diskon Maksimal),0,1,70.25,70.25,False,False,False,True,False,False,True,False,False,False,False,False,False,False,False,False,False,False,False,False,False,False,True,False,True,False
0023-XUOPT,0.8094538546610642,1,Tier 1 - High Risk (Telepon & Diskon Maksimal),0,13,94.1,1215.6,False,True,False,True,False,True,True,False,False,False,False,True,False,True,False,False,False,True,False,False,False,False,False,False,True,False
6543-CPZMK,0.709972365750168,1,Tier 1 - High Risk (Telepon & Diskon Maksimal),0,9,29.95,248.95,True,True,True,False,True,False,False,False,False,False,False,True,False,False,False,False,False,False,False,False,False,False,True,False,True,False
4818-QIUFN,0.7729421420230222,1,Tier 1 - High Risk (Telepon & Diskon Maksimal),1,20,79.15,1520.9,False,False,False,True,False,True,True,False,False,True,False,False,False,False,False,False,False,False,False,False,False,False,True,False,True,False
0778-NELLA,0.750972565398357,1,Tier 1 - High Risk (Telepon & Diskon Maksimal),0,9,34.7,296.1,True,False,False,False,True,False,False,False,False,False,False,False,False,False,False,False,False,True,False,False,False,False,True,True,False,False
7495-OOKFY,0.8060971360703812,1,Tier 1 - High Risk (Telepon & Diskon Maksimal),1,8,80.65,633.3,False,True,False,True,False,True,True,False,False,False,False,True,False,False,False,False,False,False,False,False,False,False,True,True,False,False
5331-RGMTT,0.715994517761315,0,Tier 1 - High Risk (Telepon & Diskon Maksimal),1,54,99.05,5295.7,True,True,False,True,False,True,True,False,False,False,False,False,False,True,False,False,False,True,False,True,False,False,True,True,False,False
0679-IDSTG,0.8560483281154826,1,Tier 1 - High Risk (Telepon & Diskon Maksimal),1,1,69.25,69.25,False,True,True,True,False,False,True,False,False,False,False,False,False,False,False,False,False,False,False,False,False,False,True,False,True,False
4029-HPFVY,0.8063203299630075,0,Tier 1 - High Risk (Telepon & Diskon Maksimal),0,3,70.3,220.4,True,False,False,True,False,False,True,False,False,False,False,False,False,False,False,False,False,False,False,False,False,False,True,False,False,True
5357-TZHPP,0.865566638492072,1,Tier 1 - High Risk (Telepon & Diskon Maksimal),1,9,84.4,732.5,True,False,False,True,False,True,True,False,False,False,False,False,False,False,False,False,False,False,False,True,False,False,True,True,False,False
